Workbook
Name aporte: Dio_Invest!$D$16
Name patrimonio: Dio_Invest!$D$19
Name qtd_anos: Dio_Invest!$D$17
Name rendimento_carteira: Dio_Invest!$D$11
Name salario: Dio_Invest!$D$10
Name sugestao_investimento: Dio_Invest!$D$12
Name taxa_mensal: Dio_Invest!$D$18

Sheet Dio_Invest
B9: Configurações
B10: Salário | D10: 4200
B11: Rendimento Carteira | D11: 0.006
B12: Sugestão de Investimento | D12: =salario*30% -> 1260
B15: Investimento Mensal
B16: Quanto investir por mês? | D16: 1260
B17: Por Quanto Anos? | D17: 10
B18: Taxa de Rendimento mensal? | D18: 0.01079
B19: Património acumulado? | D19: =FV(taxa_mensal,qtd_anos*12,aporte*-1) -> 306538.11
B20: Dividendos Mensais | D20: =patrimonio*rendimento_carteira -> 1839.2286
B22: Cenários | D22: Dividendo
A23: 2 | B23: Quanto em 2 anos? | C23: =FV(taxa_mensal,$A23*12,aporte*-1) -> 34306.81 | D23: =C23*rendimento_carteira -> 205.84086
A24: 5 | B24: Quanto em 5 anos? | C24: =FV(taxa_mensal,$A24*12,aporte*-1) -> 105558.91 | D24: =C24*rendimento_carteira -> 633.35347
A25: 10 | B25: Quanto em 10 anos? | C25: =FV(taxa_mensal,$A25*12,aporte*-1) -> 306538.11 | D25: =C25*rendimento_carteira -> 1839.2286
A26: 20 | B26: Quanto em 20 anos? | C26: =FV(taxa_mensal,$A26*12,aporte*-1) -> 1417750 | D26: =C26*rendimento_carteira -> 8506.4999
A27: 30 | B27: Quanto em 30 anos? | C27: =FV(taxa_mensal,$A27*12,aporte*-1) -> 5445933.8 | D27: =C27*rendimento_carteira -> 32675.603
B32: Perfil | C32: Conservador
B33: VALOR A SER INVESTIDO POR MÊS | C33: =aporte -> 1260
B35: TIPO DE FII | C35: Percentual Sugerido | D35: Valores
B36: PAPEL | C36: =B36&"-"&$C$32 -> PAPEL-Conservador | D36: =VLOOKUP(C36,Base_Apoio!A3:D20,4,0)*aporte -> 378
B37: TIJOLO | C37: =B37&"-"&$C$32 -> TIJOLO-Conservador | D37: =VLOOKUP(C37,Base_Apoio!A4:D21,4,0)*aporte -> 630
B38: HIBRIDO | C38: =B38&"-"&$C$32 -> HIBRIDO-Conservador | D38: =VLOOKUP(C38,Base_Apoio!A5:D22,4,0)*aporte -> 126
B39: FOFs | C39: =B39&"-"&$C$32 -> FOFs-Conservador | D39: =VLOOKUP(C39,Base_Apoio!A6:D23,4,0)*aporte -> 126
B40: DESENVOLVIMENTO | C40: =B40&"-"&$C$32 -> DESENVOLVIMENTO-Conservador | D40: =VLOOKUP(C40,Base_Apoio!A7:D24,4,0)*aporte -> 0
B41: HOTELARIAS | C41: =B41&"-"&$C$32 -> HOTELARIAS-Conservador | D41: =VLOOKUP(C41,Base_Apoio!A8:D25,4,0)*aporte -> 0
B42: Total | C42: =B42&"-"&$C$32 -> Total-Conservador | D42: =SUM(D36:D41) -> 1260
B44: Legenda | C44: Informação
B45: Em Branco | C45: Editavel
B46: Cinza | C46: Não Editavel
C47: Filtro

Sheet Base_Apoio
B2: Perfil | C2: TIPO DE FII
A3: =C3&"-"&B3 -> PAPEL-Conservador | B3: Conservador | C3: PAPEL | D3: 0.3
A4: =C4&"-"&B4 -> TIJOLO-Conservador | B4: Conservador | C4: TIJOLO | D4: 0.5
A5: =C5&"-"&B5 -> HIBRIDO-Conservador | B5: Conservador | C5: HIBRIDO | D5: 0.1
A6: =C6&"-"&B6 -> FOFs-Conservador | B6: Conservador | C6: FOFs | D6: 0.1
A7: =C7&"-"&B7 -> DESENVOLVIMENTO-Conservador | B7: Conservador | C7: DESENVOLVIMENTO | D7: 0
A8: =C8&"-"&B8 -> HOTELARIAS-Conservador | B8: Conservador | C8: HOTELARIAS | D8: 0
A9: =C9&"-"&B9 -> PAPEL-Moderado | B9: Moderado | C9: PAPEL | D9: 0.32
A10: =C10&"-"&B10 -> TIJOLO-Moderado | B10: Moderado | C10: TIJOLO | D10: 0.35
A11: =C11&"-"&B11 -> HIBRIDO-Moderado | B11: Moderado | C11: HIBRIDO | D11: 0.08
A12: =C12&"-"&B12 -> FOFs-Moderado | B12: Moderado | C12: FOFs | D12: 0.05
A13: =C13&"-"&B13 -> DESENVOLVIMENTO-Moderado | B13: Moderado | C13: DESENVOLVIMENTO | D13: 0.1
A14: =C14&"-"&B14 -> HOTELARIAS-Moderado | B14: Moderado | C14: HOTELARIAS | D14: 0.1
... A20: =C20&"-"&B20 -> HOTELARIAS-Agressivo | B20: Agressivo | C20: HOTELARIAS | D20: 0.1
